City_ID,City,Country,Date,Lat,Lng,Max Temp,Humidity,Cloudiness,Wind Speed
0,Byron Bay,AU,2022-07-20 06:28:00,-28.65,153.6167,59.94,62,98,14.32
1,Half Moon Bay,US,2022-07-20 06:29:58,37.4636,-122.4286,62.91,88,100,17.27
2,Arraial Do Cabo,BR,2022-07-20 06:29:58,-22.9661,-42.0278,68.25,90,0,3.96
3,Bluff,NZ,2022-07-20 06:29:59,-46.6,168.3333,43.81,72,98,10.71
4,Verkhnevilyuysk,RU,2022-07-20 06:29:59,63.4453,120.3167,68.72,62,100,7.25
5,Albany,US,2022-07-20 06:27:03,42.6001,-73.9662,72.88,89,51,5.06
6,Saint-Philippe,RE,2022-07-20 06:30:00,-21.3585,55.7679,75.22,68,49,18.1
7,Faanui,PF,2022-07-20 06:30:00,-16.4833,-151.75,78.04,66,8,7.99
8,Chuy,UY,2022-07-20 06:30:01,-33.6971,-53.4616,44.11,91,0,5.5
9,Yerbogachen,RU,2022-07-20 06:30:02,61.2767,108.0108,65.34,79,100,9.73
10,Luderitz,NA,2022-07-20 06:30:02,-26.6481,15.1594,55.31,60,0,13.65
11,Punta Arenas,CL,2022-07-20 06:30:03,-53.15,-70.9167,35.71,60,75,47.18
12,Maldonado,UY,2022-07-20 06:30:03,-34.6667,-54.9167,46.22,93,4,6.89
13,Vaini,TO,2022-07-20 06:30:03,-21.2,-175.2,73.56,94,75,8.05
14,Jamestown,US,2022-07-20 06:30:04,42.097,-79.2353,74.79,87,0,5.75
15,Rikitea,PF,2022-07-20 06:30:04,-23.1203,-134.9692,73.27,79,0,6.62
16,Mount Gambier,AU,2022-07-20 06:30:05,-37.8333,140.7667,49.59,68,10,5.7
17,Upernavik,GL,2022-07-20 06:30:05,72.7868,-56.1549,44.35,83,97,5.79
18,Port Elizabeth,ZA,2022-07-20 06:30:06,-33.918,25.5701,54.32,96,20,5.75
19,Port Alfred,ZA,2022-07-20 06:30:06,-33.5906,26.891,54.18,97,100,1.99
20,Ixtapa,MX,2022-07-20 06:30:07,20.7,-105.2,84.22,89,0,0.0
21,Broome,US,2022-07-20 06:30:07,42.2506,-75.833,72.18,92,93,2.91
22,New Norfolk,AU,2022-07-20 06:30:08,-42.7826,147.0587,48.7,82,1,1.43
23,Isangel,VU,2022-07-20 06:30:08,-19.55,169.2667,78.91,89,40,6.91
24,Reconquista,AR,2022-07-20 06:30:08,-29.15,-59.65,53.76,93,29,4.85
25,Mataura,NZ,2022-07-20 06:30:09,-46.1927,168.8643,43.48,87,100,2.15
26,Cape Town,ZA,2022-07-20 06:29:14,-33.9258,18.4232,55.38,81,20,8.05
27,Bredasdorp,ZA,2022-07-20 06:30:10,-34.5322,20.0403,48.56,82,22,3.24
28,Avarua,CK,2022-07-20 06:30:10,-21.2078,-159.775,73.45,73,75,12.66
29,Bethel,US,2022-07-20 06:26:40,41.3712,-73.414,77.9,83,0,1.01
30,Busselton,AU,2022-07-20 06:30:11,-33.65,115.3333,65.46,71,79,15.75
31,Ushuaia,AR,2022-07-20 06:26:45,-54.8,-68.3,37.06,93,100,17.27
32,Paamiut,GL,2022-07-20 06:30:11,61.994,-49.6678,45.66,93,100,1.95
33,Noyabrsk,RU,2022-07-20 06:30:12,63.1994,75.4507,70.2,39,34,10.98
34,Bereda,ES,2022-07-20 06:30:12,43.2686,-7.5406,62.42,100,30,1.19
35,Farafangana,MG,2022-07-20 06:30:13,-22.8167,47.8333,70.48,75,41,4.83
36,Lorengau,PG,2022-07-20 06:30:13,-2.0226,147.2712,83.44,71,93,5.88
37,Tasiilaq,GL,2022-07-20 06:30:14,65.6145,-37.6368,35.76,93,100,6.91
38,Mahebourg,MU,2022-07-20 06:30:14,-20.4081,57.7,71.89,64,75,19.57
39,Humaita,BR,2022-07-20 06:30:14,-7.5061,-63.0208,69.78,59,0,2.01
40,Hasaki,JP,2022-07-20 06:30:15,35.7333,140.8333,95.29,72,99,11.48
41,Chapais,CA,2022-07-20 06:30:15,49.7834,-74.8492,53.38,93,0,3.53
42,Mossendjo,CG,2022-07-20 06:30:16,-2.9506,12.7261,70.54,79,18,3.24
43,Kapaa,US,2022-07-20 06:25:35,22.0752,-159.319,80.58,84,100,17.27
44,Alyangula,AU,2022-07-20 06:30:16,-13.8483,136.4192,75.7,58,59,13.38
45,Cidreira,BR,2022-07-20 06:30:17,-30.1811,-50.2056,57.79,92,0,7.16
46,Thompson,CA,2022-07-20 06:30:17,55.7435,-97.8558,69.96,64,75,3.44
47,Havoysund,NO,2022-07-20 06:31:18,70.9963,24.6622,50.23,85,100,6.38
48,Acari,PE,2022-07-20 06:31:18,-15.4311,-74.6158,62.38,79,45,1.66
49,Toktogul,KG,2022-07-20 06:31:19,41.8708,72.9402,82.89,32,0,4.83
50,Laguna,US,2022-07-20 06:31:19,38.421,-121.4238,79.63,44,0,8.05
51,Bell Ville,AR,2022-07-20 06:31:19,-32.6259,-62.6887,46.49,74,0,8.08
52,Atuona,PF,2022-07-20 06:31:20,-9.8,-139.0333,77.25,77,78,12.15
53,Provideniya,RU,2022-07-20 06:31:20,64.3833,-173.3,45.79,64,100,12.82
54,Dingle,PH,2022-07-20 06:31:21,10.9995,122.6711,87.46,69,60,7.09
55,Te Anau,NZ,2022-07-20 06:31:21,-45.4167,167.7167,40.91,95,100,3.62
56,Nattam,IN,2022-07-20 06:31:22,10.2333,78.2333,90.05,52,100,2.66
57,Souillac,MU,2022-07-20 06:31:22,-20.5167,57.5167,71.98,64,75,19.57
58,Saskylakh,RU,2022-07-20 06:31:23,71.9167,114.0833,51.24,48,28,17.13
59,Hobart,AU,2022-07-20 06:31:23,-42.8794,147.3294,48.06,78,20,5.75
60,Hirara,JP,2022-07-20 06:31:23,24.8,125.2833,89.87,74,40,16.11
61,Aripuana,BR,2022-07-20 06:31:24,-9.1667,-60.6333,67.59,58,0,1.83
62,Rio Gallegos,AR,2022-07-20 06:31:24,-51.6226,-69.2181,33.85,80,0,33.38
63,La Ronge,CA,2022-07-20 06:31:25,55.1001,-105.2842,70.05,46,75,9.22
64,Menongue,AO,2022-07-20 06:31:25,-14.6585,17.691,58.44,36,1,6.89
65,Komsomolskiy,UZ,2022-07-20 06:31:25,40.4272,71.7189,95.72,16,0,9.22
66,Richards Bay,ZA,2022-07-20 06:31:26,-28.783,32.0377,71.42,44,8,4.32
67,Hermanus,ZA,2022-07-20 06:31:26,-34.4187,19.2345,52.48,68,96,5.41
68,Belaya Gora,RU,2022-07-20 06:31:27,68.5333,146.4167,47.43,65,100,5.5
69,Zastavna,UA,2022-07-20 06:31:27,48.5231,25.8437,75.0,44,88,5.23
70,Prince George,CA,2022-07-20 06:29:03,53.9166,-122.753,52.25,86,0,3.44
71,High Level,CA,2022-07-20 06:30:26,58.5169,-117.136,57.31,88,0,4.61
72,Atar,MR,2022-07-20 06:31:28,20.5169,-13.0499,79.66,53,1,6.26
73,Hilo,US,2022-07-20 06:28:49,19.7297,-155.09,74.93,83,40,4.61
74,Dong Hoi,VN,2022-07-20 06:28:59,17.4833,106.6,89.44,65,95,8.03
75,Milkovo,RU,2022-07-20 06:31:29,54.7167,158.6167,86.94,52,1,1.77
76,Sangar,RU,2022-07-20 06:31:29,63.9242,127.4739,77.05,59,100,5.61
77,Puerto Ayora,EC,2022-07-20 06:31:30,-0.7393,-90.3518,67.55,99,96,1.99
78,Baturaja,ID,2022-07-20 06:31:30,-4.1333,104.1667,91.65,50,14,4.97
79,Chernigovka,RU,2022-07-20 06:31:31,44.3389,132.5728,78.55,71,51,3.78
80,Kaitangata,NZ,2022-07-20 06:31:31,-46.2817,169.8464,43.3,80,99,4.38
81,Aklavik,CA,2022-07-20 06:31:31,68.2191,-135.0107,59.95,70,76,7.56
82,Yellowknife,CA,2022-07-20 06:26:38,62.456,-114.3525,63.12,88,75,10.36
83,Chokurdakh,RU,2022-07-20 06:31:32,70.6333,147.9167,49.51,60,100,11.74
84,Gat,IL,2022-07-20 06:31:32,31.61,34.7642,89.4,100,0,8.25
85,Khatanga,RU,2022-07-20 06:31:33,71.9667,102.5,54.93,39,98,21.43
86,Ambilobe,MG,2022-07-20 06:31:33,-13.2,49.05,81.9,38,4,14.18
87,Potosi,BO,2022-07-20 06:31:34,-19.5836,-65.7531,39.67,81,22,2.64
88,Pak Phanang,TH,2022-07-20 06:30:42,8.3511,100.202,92.03,62,100,7.36
89,Pevek,RU,2022-07-20 06:31:34,69.7008,170.3133,32.36,97,100,15.93
90,Bloomington,US,2022-07-20 06:31:35,44.8408,-93.2983,75.52,64,20,15.01
91,Hamina,FI,2022-07-20 06:31:35,60.5697,27.1979,60.08,53,0,17.02
92,Simga,IN,2022-07-20 06:31:35,21.6333,81.7,84.78,67,91,12.3
93,Mareeba,AU,2022-07-20 06:31:36,-17.0,145.4333,75.43,75,63,4.32
94,Ancud,CL,2022-07-20 06:32:36,-41.8697,-73.8203,50.23,96,100,20.6
95,Bojnurd,IR,2022-07-20 06:32:37,37.4747,57.329,87.75,30,0,4.61
96,Norman Wells,CA,2022-07-20 06:32:37,65.282,-126.8329,57.24,77,40,2.3
97,Hadrut,AZ,2022-07-20 06:32:37,39.52,47.0318,86.59,31,6,11.92
98,Carnarvon,AU,2022-07-20 06:32:38,-24.8667,113.6333,76.51,49,16,17.31
99,Sulangan,PH,2022-07-20 06:32:38,11.1373,123.7228,84.83,72,6,4.29
100,Tuatapere,NZ,2022-07-20 06:32:39,-46.1333,167.6833,43.07,89,100,2.68
101,Kavaratti,IN,2022-07-20 06:32:39,10.5669,72.642,80.71,81,100,22.12
102,Hithadhoo,MV,2022-07-20 06:32:40,-0.6,73.0833,81.57,72,76,4.79
103,Mar Del Plata,AR,2022-07-20 06:32:40,-38.0023,-57.5575,44.62,83,0,12.66
104,Sinnamary,GF,2022-07-20 06:32:41,5.3833,-52.95,76.12,89,94,6.93
105,Riverton,US,2022-07-20 06:32:41,40.5219,-111.9391,79.21,42,0,10.0
106,Nova Serrana,BR,2022-07-20 06:32:41,-19.8761,-44.9836,57.92,71,0,3.18
107,Kirovskiy,RU,2022-07-20 06:32:42,45.0917,133.5136,78.73,70,26,5.14
108,Alofi,NU,2022-07-20 06:32:43,-19.0595,-169.9187,75.09,78,26,16.11
109,Sao Raimundo Nonato,BR,2022-07-20 06:32:43,-9.0153,-42.6994,66.22,75,7,3.74
110,Biharamulo,TZ,2022-07-20 06:32:44,-2.6319,31.3089,69.84,44,12,9.71
111,Buta,CD,2022-07-20 06:32:44,2.7858,24.73,71.65,89,100,0.65
112,Labuhan,ID,2022-07-20 06:32:45,-6.8844,112.2051,86.74,58,94,9.01
113,Port Hardy,CA,2022-07-20 06:32:45,50.6996,-127.4199,55.58,82,0,3.44
114,Kathmandu,NP,2022-07-20 06:28:23,27.7167,85.3167,79.02,78,75,2.3
115,Solnechnyy,RU,2022-07-20 06:32:46,50.7214,136.6319,62.4,84,91,5.19
116,Bambous Virieux,MU,2022-07-20 06:32:46,-20.3428,57.7575,71.85,64,75,19.57
117,Buritis,BR,2022-07-20 06:29:20,-15.6178,-46.4233,61.63,54,27,2.53
118,San Patricio,US,2022-07-20 06:32:47,28.017,-97.5169,85.89,85,0,14.36
119,Iqaluit,CA,2022-07-20 06:32:47,63.7506,-68.5145,38.93,100,100,8.05
120,Olinda,BR,2022-07-20 06:32:47,-8.0089,-34.8553,73.13,78,20,8.05
121,Constitucion,CL,2022-07-20 06:30:56,-35.3333,-72.4167,46.27,60,0,5.7
122,Qaqortoq,GL,2022-07-20 06:29:11,60.7167,-46.0333,45.23,98,100,3.02
123,Phenix City,US,2022-07-20 06:28:13,32.471,-85.0008,77.86,94,0,3.44
124,Ponta Do Sol,PT,2022-07-20 06:32:48,32.6667,-17.1,70.43,76,13,6.15
125,Talnakh,RU,2022-07-20 06:32:49,69.4865,88.3972,63.21,54,100,2.71
126,Roebourne,AU,2022-07-20 06:32:49,-20.7833,117.1333,78.08,34,0,14.7
127,Victoria,HK,2022-07-20 06:29:39,22.2855,114.1577,96.19,99,65,12.93
128,Saint-Augustin,CA,2022-07-20 06:32:50,51.226,-58.6502,58.01,96,100,27.47
129,Dhidhdhoo,MV,2022-07-20 06:32:50,6.8833,73.1,80.02,79,100,20.58
130,Ossora,RU,2022-07-20 06:32:51,59.2353,163.0719,61.93,77,100,13.44
131,Abu Dhabi,AE,2022-07-20 06:32:36,24.4667,54.3667,96.82,50,100,14.97
132,Fort Wellington,GY,2022-07-20 06:32:51,6.4,-57.6,76.84,89,100,8.81
133,Vila Franca Do Campo,PT,2022-07-20 06:32:52,37.7167,-25.4333,73.2,89,19,4.74
134,Bathsheba,BB,2022-07-20 06:32:52,13.2167,-59.5167,80.06,94,75,17.27
135,Zittau,DE,2022-07-20 06:32:53,50.9,14.8333,82.08,57,25,5.35
136,Tayoltita,MX,2022-07-20 06:33:53,24.0833,-105.9333,66.97,90,39,4.43
137,Lebu,CL,2022-07-20 06:33:54,-37.6167,-73.65,48.54,94,9,6.42
138,Belyy Yar,RU,2022-07-20 06:33:54,53.6039,91.3903,75.09,38,0,8.95
139,Kieta,PG,2022-07-20 06:33:55,-6.2167,155.6333,81.27,77,10,3.24
140,Dwarka,IN,2022-07-20 06:33:55,22.2394,68.9678,84.13,80,93,19.93
141,Santa Marta,CO,2022-07-20 06:31:02,11.2408,-74.199,78.84,83,18,15.52
142,Esperance,AU,2022-07-20 06:33:56,-33.8667,121.9,66.33,58,86,11.43
143,Nikolskoye,RU,2022-07-20 06:33:56,59.7035,30.7861,64.87,54,16,12.73
144,Pangnirtung,CA,2022-07-20 06:33:56,66.1451,-65.7125,47.21,90,100,5.99
145,Olafsvik,IS,2022-07-20 06:33:57,64.8945,-23.7142,50.95,81,10,9.22
146,Castro,BR,2022-07-20 06:33:57,-24.7911,-50.0119,57.88,96,99,5.44
147,Besao,PH,2022-07-20 06:33:58,17.095,120.8579,76.98,65,42,0.87
148,Port Augusta,AU,2022-07-20 06:33:58,-32.5,137.7667,54.43,51,100,11.83
149,Omboue,GA,2022-07-20 06:33:58,-1.5746,9.2618,72.7,89,100,7.29
150,Tuktoyaktuk,CA,2022-07-20 06:33:59,69.4541,-133.0374,49.05,87,100,4.45
151,Sahuaripa,MX,2022-07-20 06:33:59,29.05,-109.2333,73.17,85,97,0.4
152,Neyyattinkara,IN,2022-07-20 06:34:00,8.4,77.0833,78.66,67,100,13.53
153,Qaanaaq,GL,2022-07-20 06:34:00,77.484,-69.3632,40.69,76,100,2.28
154,Kruisfontein,ZA,2022-07-20 06:34:00,-34.0033,24.7314,51.89,91,100,6.04
155,Kawalu,ID,2022-07-20 06:34:01,-7.3817,108.2082,87.04,52,72,4.94
156,Kabalo,CD,2022-07-20 06:34:01,-6.05,26.9167,84.81,33,1,3.91
157,East London,ZA,2022-07-20 06:34:02,-33.0153,27.9116,58.14,94,100,8.05
158,Salinopolis,BR,2022-07-20 06:34:02,-0.6136,-47.3561,77.23,86,33,6.87
159,Naze,JP,2022-07-20 06:34:02,28.3667,129.4833,85.12,78,85,16.2
160,Avera,US,2022-07-20 06:34:03,33.194,-82.5271,73.54,93,4,6.62
161,Palu,ID,2022-07-20 06:34:03,-0.8917,119.8707,87.44,65,44,3.98
162,Tahoua,NE,2022-07-20 06:34:04,14.8888,5.2692,80.13,70,95,14.27
163,Saldanha,ZA,2022-07-20 06:34:04,-33.0117,17.9442,39.25,76,1,7.92
164,Chara,RU,2022-07-20 06:34:05,56.9064,118.2631,65.01,79,100,1.01
165,Cabo San Lucas,MX,2022-07-20 06:32:11,22.8909,-109.9124,86.5,66,34,1.99
166,Codrington,AU,2022-07-20 06:34:05,-38.2667,141.9667,50.09,69,5,6.46
167,Prince Rupert,CA,2022-07-20 06:34:06,54.3161,-130.3201,55.09,95,0,10.36
168,Kodiak,US,2022-07-20 06:34:06,57.79,-152.4072,53.11,82,100,4.61
169,Jibuti,DJ,2022-07-20 06:34:07,11.5,42.5,86.74,32,100,9.08
170,Vardo,NO,2022-07-20 06:34:07,70.3705,31.1107,53.58,100,100,13.8
171,Clarence Town,AU,2022-07-20 06:34:07,-32.5833,151.7833,60.85,86,96,3.76
172,Puerto Plata,DO,2022-07-20 06:34:08,19.7934,-70.6884,76.84,88,40,0.0
173,Berbera,SO,2022-07-20 06:34:08,10.4396,45.0143,94.14,34,100,26.87
174,Apateu,RO,2022-07-20 06:34:09,46.6167,21.7833,75.61,24,0,2.21
175,Flinders,AU,2022-07-20 06:34:09,-34.5833,150.8552,57.18,84,35,7.0
176,Bondoukou,CI,2022-07-20 06:34:10,8.0333,-2.8,66.4,88,16,5.41
177,Tautira,PF,2022-07-20 06:34:10,-17.7333,-149.15,76.98,71,6,5.3
178,Talaya,RU,2022-07-20 06:34:11,61.3833,152.75,71.46,64,97,10.87
179,Georgetown,MY,2022-07-20 06:34:11,5.4112,100.3354,89.53,70,20,7.0
180,Chihuahua,MX,2022-07-20 06:30:06,28.5,-106.0,82.69,21,46,3.89
181,Eureka,US,2022-07-20 06:30:26,40.8021,-124.1637,61.66,85,69,4.32
182,Port-Gentil,GA,2022-07-20 06:34:12,-0.7193,8.7815,73.92,85,100,11.72
183,Iwanai,JP,2022-07-20 06:34:12,42.9744,140.5089,72.43,88,76,5.01
184,Camacha,PT,2022-07-20 06:35:13,33.0833,-16.3333,67.42,73,40,11.5
185,Grafton,US,2022-07-20 06:35:13,42.207,-71.6856,75.72,80,0,8.05
186,Madison,US,2022-07-20 06:30:34,34.7334,-86.5667,76.78,85,75,0.0
187,Fort Nelson,CA,2022-07-20 06:35:14,58.8053,-122.7002,56.79,67,20,4.61
188,Butaritari,KI,2022-07-20 06:35:14,3.0707,172.7902,82.18,79,100,10.13
189,Abilene,US,2022-07-20 06:35:15,32.4487,-99.7331,93.42,31,0,16.11
190,Sitka,US,2022-07-20 06:35:15,57.0531,-135.33,53.49,94,100,3.44
191,Ankang,CN,2022-07-20 06:35:15,32.68,109.0172,91.4,42,28,1.77
192,La Esperanza,GT,2022-07-20 06:35:16,14.8667,-91.5667,54.07,98,100,6.04
193,Khislavichi,RU,2022-07-20 06:35:16,54.1871,32.1582,62.47,90,100,15.46
194,Cayey,PR,2022-07-20 06:35:17,18.1119,-66.166,77.41,90,28,3.0
195,Tiksi,RU,2022-07-20 06:35:17,71.6872,128.8694,34.43,93,100,10.94
196,Saint-Pierre,RE,2022-07-20 06:35:18,-21.3393,55.4781,76.28,48,0,18.01
197,Orlik,RU,2022-07-20 06:35:18,52.5178,99.825,63.21,38,100,1.9
198,Sao Filipe,CV,2022-07-20 06:35:18,14.8961,-24.4956,76.64,84,65,4.21
199,Kartuzy,PL,2022-07-20 06:35:19,54.3342,18.1974,73.6,65,0,1.14
200,Daru,PG,2022-07-20 06:35:19,-9.0763,143.2092,77.5,90,100,12.64
201,Lesozavodsk,RU,2022-07-20 06:35:20,45.4794,133.4244,79.36,68,67,5.48
202,Buchanan,LR,2022-07-20 06:35:20,5.8808,-10.0467,74.35,81,100,8.08
203,Oranjemund,NA,2022-07-20 06:35:21,-28.55,16.4333,51.82,71,0,9.15
204,Otjiwarongo,NA,2022-07-20 06:35:21,-20.4637,16.6477,56.93,35,0,10.07
205,Vaitape,PF,2022-07-20 06:35:21,-16.5167,-151.75,77.86,66,0,7.18
206,Ostrovnoy,RU,2022-07-20 06:35:22,68.0531,39.5131,54.59,86,97,9.78
207,Ilhabela,BR,2022-07-20 06:35:22,-23.7781,-45.3581,68.92,95,100,4.76
208,Vao,NC,2022-07-20 06:35:23,-22.6667,167.4833,73.6,90,100,10.33
209,Barrow,US,2022-07-20 06:35:23,71.2906,-156.7887,41.02,87,100,12.66
210,Venado Tuerto,AR,2022-07-20 06:35:23,-33.7456,-61.9688,44.76,78,0,8.55
211,Dunhua,CN,2022-07-20 06:35:24,43.3725,128.2425,76.51,76,8,2.13
212,Nikolaevo,BG,2022-07-20 06:35:24,42.6333,25.8,81.75,29,0,5.91
213,Zhigansk,RU,2022-07-20 06:35:25,66.7697,123.3711,60.84,48,44,16.24
214,Dikson,RU,2022-07-20 06:35:25,73.5069,80.5464,47.86,58,0,18.52
215,Rodas,CU,2022-07-20 06:35:25,22.3408,-80.5572,77.2,93,0,6.73
216,Sungaipenuh,ID,2022-07-20 06:35:26,-2.0833,101.3833,77.58,64,91,5.66
217,San Jose De Guanipa,VE,2022-07-20 06:35:26,8.8872,-64.1651,71.78,95,100,1.86
218,Tottori,JP,2022-07-20 06:35:27,35.5,134.2333,82.47,78,75,11.5
219,Aquiraz,BR,2022-07-20 06:35:27,-3.9014,-38.3911,77.18,85,26,10.67
220,Zadar,HR,2022-07-20 06:35:28,44.1197,15.2422,84.81,28,0,3.44
221,Jardim,BR,2022-07-20 06:33:31,-21.4803,-56.1381,68.95,69,17,3.69
222,Ribeira Grande,PT,2022-07-20 06:35:28,38.5167,-28.7,70.2,88,20,6.91
223,Kavieng,PG,2022-07-20 06:35:29,-2.5744,150.7967,83.1,72,100,7.0
224,Sadasivpet,IN,2022-07-20 06:35:29,17.6212,77.9503,85.42,57,100,12.64
225,Cockburn Town,TC,2022-07-20 06:35:29,21.4612,-71.1419,81.46,77,1,19.62
226,Sao Borja,BR,2022-07-20 06:35:30,-28.6606,-56.0044,55.94,96,42,6.13
227,Hokitika,NZ,2022-07-20 06:35:30,-42.7167,170.9667,47.91,82,99,5.66
228,Payson,US,2022-07-20 06:35:31,40.0444,-111.7321,77.41,59,87,5.91
229,Berlevag,NO,2022-07-20 06:35:31,70.8578,29.0864,53.4,100,75,9.22
230,Kiskunhalas,HU,2022-07-20 06:35:32,46.434,19.4848,81.63,18,0,0.76
231,Eyl,SO,2022-07-20 06:36:32,7.9803,49.8164,81.01,39,100,27.58
232,Shingu,JP,2022-07-20 06:36:33,33.7333,135.9833,89.53,51,60,7.49
233,Longyearbyen,SJ,2022-07-20 06:36:33,78.2186,15.6401,48.04,93,75,5.75
234,Grindavik,IS,2022-07-20 06:36:34,63.8424,-22.4338,51.75,93,0,9.22
235,Leshukonskoye,RU,2022-07-20 06:36:34,64.8989,45.7622,78.39,39,36,12.97
236,Alekseyevsk,RU,2022-07-20 06:36:35,57.8406,108.3492,60.48,84,100,7.34
237,Bousso,TD,2022-07-20 06:36:35,10.4795,16.7117,72.9,91,100,2.98
238,Tura,IN,2022-07-20 06:36:35,25.5198,90.2201,84.2,72,100,5.41
239,Port Hedland,AU,2022-07-20 06:36:36,-20.3167,118.5667,84.25,23,0,14.97
240,Victor Harbor,AU,2022-07-20 06:36:36,-35.5667,138.6167,53.01,67,6,9.82
241,Bontang,ID,2022-07-20 06:36:37,0.1333,117.5,84.25,70,36,6.71
242,Kem,RU,2022-07-20 06:36:37,64.9555,34.5793,61.16,80,100,17.0
243,Mangrol,IN,2022-07-20 06:36:38,21.1167,70.1167,83.23,80,100,18.68
244,Remedios,CU,2022-07-20 06:36:38,22.4947,-79.5458,77.92,87,1,9.82
245,Lavrentiya,RU,2022-07-20 06:36:38,65.5833,-171.0,42.12,75,100,8.7
246,Vanimo,PG,2022-07-20 06:36:39,-2.6741,141.3028,81.54,81,90,4.72
247,Muros,ES,2022-07-20 06:36:39,42.7762,-9.0603,65.08,90,61,5.79
248,Gigmoto,PH,2022-07-20 06:36:40,13.7796,124.39,87.39,70,75,9.35
249,Nizwa,OM,2022-07-20 06:36:40,22.9333,57.5333,88.61,62,47,4.83
250,Denpasar,ID,2022-07-20 06:36:21,-8.65,115.2167,82.06,78,20,16.11
251,Villa Rica,US,2022-07-20 06:35:29,33.7321,-84.9191,74.55,98,93,4.97
252,Severo-Kurilsk,RU,2022-07-20 06:36:41,50.6789,156.125,51.1,97,100,15.21
253,Alekseyevka,RU,2022-07-20 06:36:41,50.6309,38.6903,69.17,61,12,9.66
254,Dakar,SN,2022-07-20 06:36:42,14.6937,-17.4441,82.53,89,40,4.61
255,Awjilah,LY,2022-07-20 06:36:42,29.1081,21.2869,80.11,44,0,12.53
256,Chern,RU,2022-07-20 06:36:43,53.4523,36.9145,64.53,73,100,16.6
257,Rongcheng,CN,2022-07-20 06:36:43,30.634,117.8517,94.73,57,100,11.56
258,Champerico,GT,2022-07-20 06:36:44,14.3,-91.9167,77.29,87,100,5.61
259,Havelock,US,2022-07-20 06:32:21,34.8791,-76.9013,82.38,91,1,1.99
260,Kargil,IN,2022-07-20 06:36:44,34.5667,76.1,74.01,25,14,1.63
261,Rabo De Peixe,PT,2022-07-20 06:36:45,37.8,-25.5833,72.28,75,75,3.44
262,Tomatlan,MX,2022-07-20 06:31:48,19.9333,-105.25,77.36,91,65,1.79
263,Mamallapuram,IN,2022-07-20 06:36:45,12.6264,80.1722,93.25,61,29,8.95
264,Kisaran,ID,2022-07-20 06:36:46,2.9845,99.6158,88.88,60,98,5.57
265,Kapit,MY,2022-07-20 06:36:46,2.0167,112.9333,97.03,37,22,2.46
266,Manggar,ID,2022-07-20 06:36:46,-2.8833,108.2667,82.76,82,98,12.53
267,Santiago Del Estero,AR,2022-07-20 06:36:47,-27.7951,-64.2615,50.59,71,5,5.64
268,Coos Bay,US,2022-07-20 06:35:45,43.3665,-124.2179,58.32,96,100,5.75
269,Cabedelo,BR,2022-07-20 06:33:58,-6.9811,-34.8339,70.47,82,8,12.53
270,Mastung,PK,2022-07-20 06:36:48,29.7994,66.845,90.05,28,6,9.06
271,Minuri,PH,2022-07-20 06:36:48,16.535,121.8574,90.1,64,96,1.41
272,Bazarnyye Mataki,RU,2022-07-20 06:36:48,54.8833,49.9333,65.34,66,16,12.19
273,Port Moresby,PG,2022-07-20 06:36:49,-9.4431,147.1797,83.62,74,75,9.22
274,Tutoia,BR,2022-07-20 06:36:49,-2.7619,-42.2744,74.93,86,78,1.79
275,Hambantota,LK,2022-07-20 06:36:50,6.1241,81.1185,91.74,62,20,8.05
276,Sao Joao Da Barra,BR,2022-07-20 06:36:50,-21.6403,-41.0511,68.58,92,15,4.12
277,Elbistan,TR,2022-07-20 06:36:51,38.2059,37.1983,76.93,44,0,3.09
278,Ilulissat,GL,2022-07-20 06:37:51,69.2167,-51.1,44.62,81,75,2.3
279,Shenjiamen,CN,2022-07-20 06:37:51,29.9576,122.298,81.23,83,100,16.58
280,Mayo,US,2022-07-20 06:37:52,38.8876,-76.5119,78.75,88,0,1.01
281,Semarang,ID,2022-07-20 06:34:02,-6.9932,110.4203,89.53,51,20,11.5
282,Xianyang,CN,2022-07-20 06:37:52,34.3378,108.7026,83.44,54,0,4.47
283,Lata,PT,2022-07-20 06:37:53,40.1629,-8.3327,59.07,79,0,3.22
284,Katsuura,JP,2022-07-20 06:37:53,35.1333,140.3,81.77,77,31,9.04
285,Kidal,ML,2022-07-20 06:37:54,18.4411,1.4078,83.3,47,84,16.62
286,Cassilandia,BR,2022-07-20 06:37:54,-19.1133,-51.7342,63.05,50,27,1.57
287,San Quintin,MX,2022-07-20 06:37:54,30.4833,-115.95,68.36,84,100,4.88
288,Kysyl-Syr,RU,2022-07-20 06:37:55,63.8986,122.7617,71.78,59,95,7.83
289,Mpraeso,GH,2022-07-20 06:37:55,6.5932,-0.7346,63.97,89,96,3.4
290,Oum Hadjer,TD,2022-07-20 06:37:56,13.2954,19.6966,78.94,73,15,9.98
291,Salalah,OM,2022-07-20 06:37:56,17.0151,54.0924,77.09,100,100,11.5
292,Narsaq,GL,2022-07-20 06:37:56,60.9167,-46.05,48.42,95,100,1.12
293,Westport,US,2022-07-20 06:33:32,41.1415,-73.3579,80.74,90,0,6.91
294,Ullal,IN,2022-07-20 06:37:57,12.8,74.85,83.35,74,75,9.22
295,Kalabo,ZM,2022-07-20 06:37:58,-14.97,22.6814,62.85,47,1,6.96
296,Tobetsu,JP,2022-07-20 06:37:58,43.2169,141.5169,76.91,78,75,11.5
297,Jiexiu,CN,2022-07-20 06:37:59,37.0244,111.9125,84.15,39,2,3.91
298,Hobyo,SO,2022-07-20 06:37:59,5.3505,48.5268,80.96,60,76,24.02
299,Petropavlovsk-Kamchatskiy,RU,2022-07-20 06:37:59,53.0452,158.6483,58.78,82,0,15.66
300,Pangody,RU,2022-07-20 06:38:00,65.85,74.4859,66.18,43,89,16.11
301,Namtsy,RU,2022-07-20 06:38:00,62.7161,129.6658,84.25,39,100,12.59
302,Ust-Nera,RU,2022-07-20 06:38:01,64.5667,143.2,81.55,43,96,1.79
303,Mudanya,TR,2022-07-20 06:38:01,40.3753,28.8822,77.63,51,0,16.13
304,Zadonsk,RU,2022-07-20 06:38:01,52.3904,38.9261,68.25,58,61,12.03
305,Airai,TL,2022-07-20 06:38:02,-8.9266,125.4092,70.41,58,19,2.24
306,Bafq,IR,2022-07-20 06:38:02,31.6128,55.4107,99.57,8,0,10.92
307,Susner,IN,2022-07-20 06:38:03,23.95,76.0833,81.95,82,99,14.47
308,Dolgoye,RU,2022-07-20 06:38:03,52.8,37.2167,66.16,64,75,14.52
309,Moranbah,AU,2022-07-20 06:38:03,-22.0016,148.0466,64.33,71,100,10.04
310,Buala,SB,2022-07-20 06:38:04,-8.145,159.5921,81.81,76,12,6.55
311,Masuguru,TZ,2022-07-20 06:38:04,-11.3667,38.4167,77.74,53,30,4.97
312,Cherskiy,RU,2022-07-20 06:38:05,68.75,161.3,44.76,68,100,14.12
313,Camrose,CA,2022-07-20 06:38:05,53.0168,-112.8353,54.93,95,1,9.22
314,Bafata,GW,2022-07-20 06:38:06,12.1667,-14.75,73.63,98,100,3.42
315,Geraldton,AU,2022-07-20 06:38:06,-28.7667,114.6,73.81,53,100,9.22
316,Burnie,AU,2022-07-20 06:38:07,-41.0667,145.9167,46.94,69,6,0.11
317,La Paz,BO,2022-07-20 06:38:07,-16.5,-68.15,26.58,86,30,2.3
318,Verkhnyaya Inta,RU,2022-07-20 06:38:07,65.9811,60.3094,73.69,40,15,12.68
319,Carutapera,BR,2022-07-20 06:38:08,-1.195,-46.02,74.17,93,36,2.06
320,Bakaly,RU,2022-07-20 06:35:13,55.1789,53.8028,66.87,64,6,12.86
321,Tessalit,ML,2022-07-20 06:38:08,20.1986,1.0114,86.59,37,96,14.25
322,San Cristobal,VE,2022-07-20 06:38:09,7.7669,-72.225,64.13,95,100,3.02
323,Tandalti,SD,2022-07-20 06:38:09,13.0167,31.8667,83.57,51,64,12.44
324,Shaowu,CN,2022-07-20 06:38:10,27.3409,117.4831,98.65,41,36,6.11
325,Wattegama,LK,2022-07-20 06:39:10,6.7989,81.4808,97.25,38,100,4.7
326,Guilin,CN,2022-07-20 06:39:11,25.2819,110.2864,95.11,70,100,4.29
327,Kozhevnikovo,RU,2022-07-20 06:35:13,56.2589,83.9714,57.25,91,98,4.34
328,Malatya,TR,2022-07-20 06:39:11,38.5,38.0,78.85,34,0,4.61
329,Baijiantan,CN,2022-07-20 06:39:12,45.6333,85.1833,87.96,15,2,22.1
330,Nanortalik,GL,2022-07-20 06:39:12,60.1432,-45.2371,47.16,96,100,10.89
331,Haines Junction,CA,2022-07-20 06:39:13,60.7522,-137.5108,53.55,62,100,4.61
332,Oriximina,BR,2022-07-20 06:39:13,-1.7656,-55.8661,74.1,92,95,3.98
333,Carman,CA,2022-07-20 06:39:13,49.4992,-98.0016,70.14,82,32,9.22
334,Hauterive,FR,2022-07-20 06:39:14,46.0901,3.4459,68.76,88,100,2.46
335,Sisimiut,GL,2022-07-20 06:39:14,66.9395,-53.6735,47.01,83,94,3.22
336,Noumea,NC,2022-07-20 06:39:15,-22.2763,166.4572,75.99,99,100,1.77
337,Yar-Sale,RU,2022-07-20 06:39:15,66.8333,70.8333,67.39,40,87,16.24
338,Karratha,AU,2022-07-20 06:39:16,-20.7377,116.8463,78.24,33,0,15.55
339,Kemise,ET,2022-07-20 06:39:16,10.7167,39.8667,68.49,76,100,1.16
340,Yanam,IN,2022-07-20 06:39:16,16.7333,82.2167,93.04,54,98,9.1
341,Sanary-Sur-Mer,FR,2022-07-20 06:39:17,43.1178,5.8001,82.89,73,0,2.57
342,Ekhabi,RU,2022-07-20 06:39:17,53.5102,142.9671,59.29,84,100,11.21
343,Bara,NG,2022-07-20 06:39:18,10.3744,10.7288,74.64,85,100,3.24
344,Kungurtug,RU,2022-07-20 06:39:18,50.5994,97.5228,67.19,34,100,4.07
345,Lindi,TZ,2022-07-20 06:39:18,-10.0,39.7167,79.93,53,0,6.85
346,Pahrump,US,2022-07-20 06:35:34,36.2083,-115.9839,93.25,21,95,1.99
347,Boguchany,RU,2022-07-20 06:39:19,58.3814,97.4531,64.87,81,85,10.45
348,Poyarkovo,RU,2022-07-20 06:39:19,49.6,128.6833,77.95,74,52,7.11
349,Concarneau,FR,2022-07-20 06:39:20,47.875,-3.9225,64.69,87,8,7.65
350,Copiapo,CL,2022-07-20 06:39:20,-27.3667,-70.3333,47.89,52,2,1.54
351,Jhargram,IN,2022-07-20 06:39:21,22.45,86.9833,94.8,48,64,10.27
352,Bongouanou,CI,2022-07-20 06:39:21,6.6486,-4.1992,65.89,89,44,1.5
353,Nouadhibou,MR,2022-07-20 06:39:21,20.931,-17.0347,67.98,100,75,18.41
354,Formosa Do Rio Preto,BR,2022-07-20 06:39:22,-11.0483,-45.1931,62.13,61,0,3.24
355,Ulagan,RU,2022-07-20 06:39:22,50.6321,87.9563,62.89,45,100,4.83
356,Oussouye,SN,2022-07-20 06:39:23,12.485,-16.5469,80.69,88,100,6.85
357,Porto Novo,BJ,2022-07-20 06:39:23,6.4965,2.6036,75.02,76,93,5.79
358,Ginda,IN,2022-07-20 06:39:24,30.6945,78.4932,76.01,79,90,4.32
359,Bom Jesus Dos Perdoes,BR,2022-07-20 06:39:24,-23.135,-46.4653,60.66,93,99,4.72
360,Tervel,BG,2022-07-20 06:39:25,43.75,27.4,81.23,27,6,5.44
361,Marsh Harbour,BS,2022-07-20 06:35:29,26.5412,-77.0636,81.45,81,26,11.27
362,Dolores,AR,2022-07-20 06:39:26,-36.3132,-57.6792,43.14,92,5,10.4
363,Doha,QA,2022-07-20 06:39:26,25.2867,51.5333,98.58,63,92,9.22
364,Saint George,US,2022-07-20 06:39:26,37.1041,-113.5841,94.95,29,0,3.44
365,Seydi,TM,2022-07-20 06:39:27,39.4816,62.9137,103.06,12,0,24.25
366,Paris,FR,2022-07-20 06:38:19,48.8534,2.3488,68.25,90,75,4.61
367,Rawson,AR,2022-07-20 06:39:27,-43.3002,-65.1023,50.13,66,100,16.42
368,Isiro,CD,2022-07-20 06:39:28,2.7739,27.616,73.35,81,81,2.37
369,Jaen,ES,2022-07-20 06:39:28,38.0,-3.5,81.16,19,0,4.65
370,Ayan,RU,2022-07-20 06:39:29,56.45,138.1667,57.02,98,100,8.66
371,Ullapool,GB,2022-07-20 06:40:29,57.8987,-5.1604,58.35,85,67,5.95
372,Sarahan,IN,2022-07-20 06:40:30,31.5167,77.8,73.78,77,84,6.11
373,Egvekinot,RU,2022-07-20 06:40:30,66.3167,-179.1667,39.78,84,100,3.38
374,Nouakchott,MR,2022-07-20 06:40:30,18.0858,-15.9785,76.93,87,7,16.37
375,Colomi,BO,2022-07-20 06:40:31,-17.35,-65.8667,44.08,52,9,1.48
376,Los Llanos De Aridane,ES,2022-07-20 06:40:31,28.6585,-17.9182,65.95,83,0,14.97
377,Makat,KZ,2022-07-20 06:40:32,47.6469,53.3463,78.93,33,100,12.5
378,Pisco,PE,2022-07-20 06:40:32,-13.7,-76.2167,60.03,94,100,3.44
379,Arona,ES,2022-07-20 06:40:32,28.0996,-16.681,74.7,60,20,3.44
380,Fairfield,US,2022-07-20 06:40:33,41.2668,-73.3162,78.82,86,0,6.91
381,Bud,US,2022-07-20 06:40:33,39.447,-86.1758,75.18,92,0,6.85
382,Apac,UG,2022-07-20 06:40:34,1.9756,32.5386,75.36,60,54,5.12
383,Riyadh,SA,2022-07-20 06:40:34,24.6877,46.7219,104.14,7,14,20.0
384,Grand Gaube,MU,2022-07-20 06:40:34,-20.0064,57.6608,72.0,63,60,14.0
385,Touros,BR,2022-07-20 06:40:35,-5.1989,-35.4608,71.64,90,33,14.83
386,Dunedin,NZ,2022-07-20 06:40:35,-45.8742,170.5036,48.79,88,100,4.0
387,Hamilton,US,2022-07-20 06:37:00,39.1834,-84.5333,76.05,87,0,5.75
388,Usoke,TZ,2022-07-20 06:40:36,-5.1667,32.35,72.95,41,13,11.03
389,Hualmay,PE,2022-07-20 06:40:37,-11.0964,-77.6139,60.57,84,54,5.64
390,Bairiki,KI,2022-07-20 06:40:37,1.3292,172.9752,80.6,89,75,10.36
391,Yeppoon,AU,2022-07-20 06:40:37,-23.1333,150.7333,69.58,79,79,17.49
392,Fairbanks,US,2022-07-20 06:40:38,64.8378,-147.7164,57.16,85,75,3.44
393,Murmashi,RU,2022-07-20 06:40:38,68.8154,32.8115,55.81,100,100,8.95
394,Mount Isa,AU,2022-07-20 06:40:39,-20.7333,139.5,76.77,19,0,13.8
395,Green River,US,2022-07-20 06:37:09,41.5286,-109.4662,69.19,57,80,4.99
396,Okhotsk,RU,2022-07-20 06:40:39,59.3833,143.3,61.81,82,17,9.4
397,Tiznit,MA,2022-07-20 06:40:40,29.5833,-9.5,87.17,27,30,0.94
398,Bonthe,SL,2022-07-20 06:40:40,7.5264,-12.505,76.39,79,100,8.39
399,Sioux Lookout,CA,2022-07-20 06:40:40,50.1001,-91.917,64.47,94,100,5.75
400,Villanueva,HN,2022-07-20 06:40:41,15.3167,-88.0,80.04,89,40,6.91
401,Bengkulu,ID,2022-07-20 06:40:41,-3.8004,102.2655,84.49,68,96,9.35
402,Vila Velha,BR,2022-07-20 06:40:42,-20.3297,-40.2925,65.95,96,0,3.44
403,Surt,LY,2022-07-20 06:40:42,31.2089,16.5887,79.41,63,0,2.51
404,Padang,ID,2022-07-20 06:38:00,-0.9492,100.3543,87.85,73,100,5.01
405,Slave Lake,CA,2022-07-20 06:40:43,55.2834,-114.769,57.18,72,0,14.97
406,Boshnyakovo,RU,2022-07-20 06:40:43,49.6333,142.1667,63.12,80,100,3.65
407,Hernani,ES,2022-07-20 06:40:44,43.2662,-1.9762,71.2,84,100,5.99
408,Dickinson,US,2022-07-20 06:40:44,29.4608,-95.0513,84.94,85,20,6.91
409,Gamba,GA,2022-07-20 06:40:44,-2.65,10.0,72.09,89,100,5.5
410,Lamu,KE,2022-07-20 06:40:45,-2.2717,40.902,77.22,65,78,17.63
411,Shirokaya Rechka,RU,2022-07-20 06:40:45,56.7986,60.4852,71.06,70,100,10.65
412,Velika Gorica,HR,2022-07-20 06:40:46,45.7125,16.0756,83.05,58,0,1.14
413,Hutchinson,US,2022-07-20 06:37:30,38.0608,-97.9298,82.35,65,0,9.22
414,Silver City,US,2022-07-20 06:40:46,32.7701,-108.2803,79.63,36,0,10.36
415,Eyrarbakki,IS,2022-07-20 06:40:47,63.863,-21.1481,51.85,81,20,9.48
416,Mandera,KE,2022-07-20 06:40:47,3.9366,41.867,81.68,39,97,21.72
417,Shamli,IN,2022-07-20 06:40:48,29.45,77.3167,100.98,40,0,7.61
418,Torun,PL,2022-07-20 06:41:48,53.0137,18.5981,78.48,71,6,1.01
419,Canarana,BR,2022-07-20 06:41:48,-11.6847,-41.7689,58.42,96,4,5.59
420,Comodoro Rivadavia,AR,2022-07-20 06:39:42,-45.8667,-67.5,49.86,50,0,26.46
421,Okato,NZ,2022-07-20 06:41:49,-39.2,173.8833,49.17,89,100,4.0
422,Teya,RU,2022-07-20 06:41:49,60.3778,92.6267,55.9,97,100,2.48
423,Coquimbo,CL,2022-07-20 06:41:50,-29.9533,-71.3436,51.53,100,100,3.44
424,Jiayuguan,CN,2022-07-20 06:39:09,39.8167,98.3,84.31,18,82,1.86
425,Bandarbeyla,SO,2022-07-20 06:41:51,9.4942,50.8122,82.53,46,85,31.14
426,Kamaishi,JP,2022-07-20 06:41:51,39.2667,141.8833,73.99,87,43,9.06
427,College,US,2022-07-20 06:37:08,64.8569,-147.8028,57.15,85,75,3.44
428,Durban,ZA,2022-07-20 06:41:52,-29.8579,31.0292,66.02,67,4,5.01
429,Ladario,BR,2022-07-20 06:41:49,-19.0047,-57.6017,67.8,50,24,1.92
430,Hami,CN,2022-07-20 06:41:53,42.8,93.45,82.27,21,100,7.9
431,Lufilufi,WS,2022-07-20 06:41:53,-13.8745,-171.5986,76.78,78,12,21.97
432,Gull Lake,CA,2022-07-20 06:41:53,50.1001,-108.4847,68.77,46,2,11.79
433,Taoudenni,ML,2022-07-20 06:41:54,22.6783,-3.9836,92.84,20,2,2.93
434,Koygorodok,RU,2022-07-20 06:41:54,60.445,50.9968,55.6,97,100,7.16
435,Uglich,RU,2022-07-20 06:41:55,57.5275,38.3317,62.24,72,94,7.58
436,Aykhal,RU,2022-07-20 06:41:55,66.0,111.5,60.8,52,35,17.29
437,Murakeresztur,HU,2022-07-20 06:41:55,46.3642,16.8818,78.35,28,0,1.61
438,Kulunda,RU,2022-07-20 06:41:56,52.566,78.9385,77.9,35,100,3.62
439,Roseau,DM,2022-07-20 06:41:06,15.3017,-61.3881,80.11,80,43,12.01
440,Ciparay,ID,2022-07-20 06:41:56,-7.4249,108.4742,89.44,53,58,3.89
441,Springfield,US,2022-07-20 06:41:04,37.2153,-93.2982,82.89,77,0,4.61
442,Zelenoborskiy,RU,2022-07-20 06:41:57,66.845,32.3622,58.64,86,99,10.16
443,Troitskoye,RU,2022-07-20 06:41:57,52.9821,84.6757,73.15,48,61,12.68
444,Buraydah,SA,2022-07-20 06:41:58,26.326,43.975,100.85,8,4,7.47
445,Bonavista,CA,2022-07-20 06:41:58,48.6499,-53.1147,60.28,99,100,14.88
446,Ciudad Bolivar,VE,2022-07-20 06:41:59,8.1222,-63.5497,74.89,91,100,3.85
447,Biloela,AU,2022-07-20 06:41:59,-24.4167,150.5,62.92,75,59,13.78
448,Fuerte Olimpo,PY,2022-07-20 06:41:59,-21.0415,-57.8738,67.78,66,87,1.68
449,Opuwo,NA,2022-07-20 06:42:00,-18.0607,13.84,60.28,33,0,6.64
450,Phalodi,IN,2022-07-20 06:42:00,27.1333,72.3667,95.05,49,1,17.31
451,Finnsnes,NO,2022-07-20 06:42:01,69.2296,17.9811,59.61,72,62,5.79
452,Monte Alegre De Minas,BR,2022-07-20 06:42:01,-18.8706,-48.8808,61.39,54,4,6.02
453,Tarauaca,BR,2022-07-20 06:42:02,-8.1614,-70.7656,70.66,82,31,3.13
454,Ponta Delgada,PT,2022-07-20 06:42:02,37.7333,-25.6667,73.51,94,75,3.44
455,Torbay,CA,2022-07-20 06:42:03,47.6666,-52.7314,68.77,93,100,16.11
456,Praia Da Vitoria,PT,2022-07-20 06:39:51,38.7333,-27.0667,70.75,94,75,6.96
457,Kipini,KE,2022-07-20 06:42:03,-2.5257,40.5262,77.29,65,79,18.95
458,Urengoy,RU,2022-07-20 06:42:04,65.9667,78.3667,66.2,47,96,11.95
459,Moose Factory,CA,2022-07-20 06:42:04,51.2585,-80.6094,55.4,94,0,5.75
460,El Tigre,VE,2022-07-20 06:42:04,8.8875,-64.2454,71.31,96,100,3.15
461,Taga,RO,2022-07-20 06:42:05,46.95,24.05,71.92,36,0,1.03
462,Yaan,NG,2022-07-20 06:43:06,7.3833,8.5667,71.47,91,100,6.22
463,San Jose,US,2022-07-20 06:38:50,37.3394,-121.895,65.89,80,20,9.22
464,Tauranga,NZ,2022-07-20 06:43:07,-37.6861,176.1667,58.93,83,100,5.01
465,Clyde River,CA,2022-07-20 06:43:07,70.4692,-68.5914,32.23,100,100,3.44
466,Asau,RO,2022-07-20 06:43:07,46.4333,26.4,72.52,39,5,0.69
467,Miraflores,MX,2022-07-20 06:43:08,19.2167,-98.8083,63.25,87,93,3.2
468,Cobija,BO,2022-07-20 06:43:08,-11.0267,-68.7692,69.58,83,58,2.48
469,Yaviza,PA,2022-07-20 06:43:09,8.1537,-77.6931,74.79,99,100,0.89
470,Moron,AR,2022-07-20 06:41:49,-34.6534,-58.6198,51.96,93,5,5.08
471,Marrakesh,MA,2022-07-20 06:39:38,31.6315,-8.0083,84.27,42,40,3.44
472,Likasi,CD,2022-07-20 06:43:10,-10.9814,26.7333,66.81,51,2,7.63
473,Kahului,US,2022-07-20 06:43:10,20.8947,-156.47,78.82,61,40,16.11
474,Davenda,RU,2022-07-20 06:43:10,53.5556,119.317,87.73,31,74,8.12
475,Rorvik,NO,2022-07-20 06:43:11,64.8621,11.2373,59.11,82,75,12.66
476,Quzhou,CN,2022-07-20 06:43:11,28.9594,118.8686,98.24,48,71,10.38
477,Roald,NO,2022-07-20 06:43:12,62.5833,6.1333,77.16,82,75,11.5
478,Mogadishu,SO,2022-07-20 06:43:12,2.0371,45.3438,78.67,73,20,13.8
479,Najran,SA,2022-07-20 06:43:12,17.4924,44.1277,88.45,23,100,14.41
480,Ca Mau,VN,2022-07-20 06:40:14,9.1769,105.15,82.78,79,100,6.53
481,Tabou,CI,2022-07-20 06:43:13,4.423,-7.3528,74.3,73,100,6.93
482,Kralendijk,BQ,2022-07-20 06:43:13,12.15,-68.2667,80.58,83,75,12.66
483,Monster,NL,2022-07-20 06:43:14,52.0258,4.175,74.95,69,95,12.66
484,Martapura,ID,2022-07-20 06:43:14,-3.4167,114.85,87.89,66,40,10.36
485,Taltal,CL,2022-07-20 06:43:15,-25.4,-70.4833,57.02,79,98,2.1
486,Casian,PH,2022-07-20 06:43:15,11.035,119.7136,84.42,68,5,6.29
487,Bilma,NE,2022-07-20 06:43:16,18.6853,12.9164,90.43,23,0,1.32
488,Kushmurun,KZ,2022-07-20 06:43:16,52.4503,64.6311,81.3,50,12,14.14
489,Capinota,BO,2022-07-20 06:43:17,-17.7167,-66.2333,55.26,75,10,0.34
490,San Pedro,PH,2022-07-20 06:43:17,14.35,121.0167,92.43,66,75,9.22
491,Kushima,JP,2022-07-20 06:39:17,31.4583,131.2333,86.56,73,62,12.19
492,Namibe,AO,2022-07-20 06:43:18,-15.1961,12.1522,62.67,82,6,4.32
493,Adrar,MR,2022-07-20 06:43:18,20.5022,-10.0711,86.05,13,25,6.53
494,Viru,PE,2022-07-20 06:43:19,-8.4167,-78.75,61.12,86,32,1.99
495,Mackenzie,CA,2022-07-20 06:43:19,55.2999,-123.1698,59.22,55,0,5.75
496,Monrovia,LR,2022-07-20 06:43:19,6.3005,-10.7969,74.97,82,100,9.84
497,Celestun,MX,2022-07-20 06:43:20,20.8667,-90.4,79.3,77,5,9.64
498,Altay,CN,2022-07-20 06:43:20,47.8667,88.1167,71.33,34,44,12.71
499,Purnia,IN,2022-07-20 06:43:21,25.7833,87.4667,90.57,64,100,16.04
500,Keti Bandar,PK,2022-07-20 06:43:21,24.1447,67.4497,86.67,77,92,17.47
501,Sao Jose Da Coroa Grande,BR,2022-07-20 06:43:22,-8.8978,-35.1478,72.79,84,25,7.27
502,Fukue,JP,2022-07-20 06:43:22,32.6881,128.8419,82.76,89,75,6.91
503,Dudinka,RU,2022-07-20 06:43:23,69.4058,86.1778,64.44,43,67,12.66
504,Lagoa,PT,2022-07-20 06:43:23,39.05,-27.9833,70.74,87,60,7.9
505,Shelburne,CA,2022-07-20 06:43:23,44.0787,-80.2041,74.12,72,100,10.33
506,Sept-Iles,CA,2022-07-20 06:43:24,50.2001,-66.3821,64.06,92,75,13.8
507,Shelby,US,2022-07-20 06:44:24,35.2001,-89.8668,85.14,77,20,3.0
508,Batagay-Alyta,RU,2022-07-20 06:44:25,67.8006,130.4114,38.16,88,100,4.68
509,Lompoc,US,2022-07-20 06:44:25,34.6391,-120.4579,56.52,95,100,5.75
510,Southbridge,US,2022-07-20 06:44:25,42.0751,-72.0334,74.93,89,85,4.72
511,Xining,CN,2022-07-20 06:44:26,36.6167,101.7667,73.8,41,0,3.83
512,Tlalchapa,MX,2022-07-20 06:44:27,18.4,-100.4667,74.82,89,100,2.15
513,Marquette,US,2022-07-20 06:44:27,46.5333,-87.6335,72.84,95,48,8.5
514,Quebo,GW,2022-07-20 06:44:28,11.3333,-14.9333,73.81,97,100,3.76
515,Hervey Bay,AU,2022-07-20 06:44:28,-25.2986,152.8535,64.02,76,58,7.0
516,Valle Del Guamuez,CO,2022-07-20 06:44:29,0.4525,-76.9192,68.16,95,100,0.43
517,Cumbum,IN,2022-07-20 06:44:29,9.7333,77.3,87.28,59,100,4.79
518,Vostok,RU,2022-07-20 06:44:29,46.4856,135.8833,71.49,84,38,2.13
519,Shache,CN,2022-07-20 06:44:30,38.4167,77.2406,94.53,12,0,5.06
520,Kopervik,NO,2022-07-20 06:44:30,59.2835,5.3067,76.98,49,0,14.97
521,Bitkine,TD,2022-07-20 06:44:31,11.9801,18.2138,74.61,82,100,7.49
522,Lazaro Cardenas,MX,2022-07-20 06:44:31,17.9583,-102.2,79.07,92,39,2.98
523,Aleksandrovskiy Zavod,RU,2022-07-20 06:44:31,50.9237,117.9374,81.86,42,2,5.21
524,Vierzon,FR,2022-07-20 06:44:32,47.2101,2.0625,64.99,87,100,5.48
525,Thinadhoo,MV,2022-07-20 06:44:32,0.5333,72.9333,81.77,68,100,2.75
526,Beringovskiy,RU,2022-07-20 06:44:33,63.05,179.3167,46.45,90,100,33.4
527,Inhambane,MZ,2022-07-20 06:44:33,-23.865,35.3833,67.98,88,20,0.0
528,Tolga,DZ,2022-07-20 06:44:33,34.7222,5.3785,86.81,40,0,9.57
529,Lakes Entrance,AU,2022-07-20 06:44:34,-37.8811,147.981,50.16,77,3,8.95
530,Sungairaya,ID,2022-07-20 06:44:34,0.7,108.9,89.83,58,49,9.33
531,Rincon,US,2022-07-20 06:44:35,32.296,-81.2354,75.85,94,0,5.75
532,Caravelas,BR,2022-07-20 06:44:35,-17.7125,-39.2481,69.57,92,99,2.33
533,Thunder Bay,CA,2022-07-20 06:40:33,48.4001,-89.3168,58.98,100,100,1.14
534,Lobatse,BW,2022-07-20 06:44:36,-25.2167,25.6667,57.09,52,84,5.01
535,Turukhansk,RU,2022-07-20 06:44:36,65.8167,87.9833,53.8,86,100,6.76
536,Taloqan,AF,2022-07-20 06:44:36,36.7361,69.5345,98.96,11,0,10.13
537,Samarai,PG,2022-07-20 06:44:37,-10.6167,150.6667,81.88,76,26,8.61
538,Marawi,PH,2022-07-20 06:44:38,7.9986,124.2928,75.88,89,98,3.67
539,Fortuna,US,2022-07-20 06:44:38,40.5982,-124.1573,54.93,88,48,4.07
540,Fare,PF,2022-07-20 06:44:38,-16.7,-151.0167,77.76,64,0,6.13
541,Stillwater,US,2022-07-20 06:44:39,36.1156,-97.0584,93.47,36,0,10.36
542,Morehead,US,2022-07-20 06:44:40,37.2711,-87.1764,78.78,95,0,0.0
543,Muroto,JP,2022-07-20 06:44:40,33.2833,134.15,81.39,84,85,9.31
544,Sao Gabriel Da Cachoeira,BR,2022-07-20 06:44:41,-0.1303,-67.0892,71.1,100,100,2.13
545,Asyut,EG,2022-07-20 06:44:41,27.181,31.1837,87.98,24,0,11.59
546,Walvis Bay,NA,2022-07-20 06:44:42,-22.9575,14.5053,54.09,100,0,3.44
547,Cabrera,DO,2022-07-20 06:44:42,19.6426,-69.9049,79.12,82,10,13.0
548,Mayumba,GA,2022-07-20 06:45:42,-3.432,10.6554,71.47,91,82,5.66
549,Vestmannaeyjar,IS,2022-07-20 06:45:43,63.4427,-20.2734,50.9,83,19,17.02
